timestamp,rpm,throttle,egt,cht,oil_temp,map,oil_press,fuel_flow,iat,vibration,fault_active
0.5,3507.34,0.6005,830.16,383.47,168.95,23.02,49.39,12.23,29.55,0.8,False
1.0,3485.44,0.601,840.12,383.77,167.28,23.64,51.51,12.09,30.1,0.762,False
1.5,3521.32,0.6015,835.84,381.1,165.86,23.67,50.76,12.16,29.53,0.822,False
2.0,3512.31,0.602,838.51,383.16,171.57,23.35,50.33,12.11,30.31,0.847,False
2.5,3503.97,0.6025,832.61,379.61,168.66,23.58,51.6,12.14,30.01,0.807,False
3.0,3511.87,0.603,841.53,382.98,168.79,23.46,51.29,12.34,28.66,0.789,False
3.5,3499.34,0.6035,834.34,381.7,170.5,23.28,52.11,12.0,29.56,0.809,False
4.0,3521.71,0.604,841.45,385.12,166.88,23.36,51.97,12.23,28.81,0.758,False
4.5,3492.85,0.6045,840.74,383.38,169.03,23.38,51.13,12.36,29.59,0.822,False
5.0,3499.24,0.605,836.8,382.03,165.33,23.57,50.38,12.28,30.22,0.822,False
5.5,3527.03,0.6055,838.49,382.12,167.64,23.14,49.2,12.08,29.05,0.82,False
6.0,3496.85,0.606,837.45,387.5,167.16,23.63,49.82,12.26,29.09,0.791,False
6.5,3533.01,0.6065,831.06,385.12,168.42,23.37,49.2,12.31,29.43,0.814,False
7.0,3517.88,0.607,848.07,383.32,165.96,23.53,51.2,12.51,30.52,0.82,False
7.5,3547.95,0.6075,834.47,382.33,166.23,23.43,49.28,12.41,29.68,0.747,False
8.0,3499.6,0.608,842.34,386.98,172.15,24.09,51.43,12.17,28.16,0.817,False
8.5,3504.89,0.6085,839.06,382.84,167.94,23.73,51.12,12.3,29.04,0.739,False
9.0,3512.65,0.609,841.22,390.2,168.56,23.72,50.34,12.16,29.1,0.778,False
9.5,3566.18,0.6094,837.74,387.62,166.56,23.72,51.4,12.32,29.84,0.781,False
10.0,3533.76,0.6099,839.93,381.64,165.88,23.57,52.83,12.37,29.78,0.819,False
10.5,3552.18,0.6104,843.65,384.3,170.72,23.63,52.77,12.38,28.9,0.753,False
11.0,3560.3,0.6109,851.53,385.21,167.82,23.85,49.6,12.23,30.4,0.792,False
11.5,3528.39,0.6114,842.45,386.97,171.47,23.58,51.7,12.06,29.85,0.775,False
12.0,3505.34,0.6119,839.23,385.17,170.56,23.3,50.97,12.31,29.63,0.849,False
12.5,3541.69,0.6124,850.66,385.92,167.4,23.53,51.22,12.41,29.03,0.813,False
13.0,3536.7,0.6129,856.91,392.22,167.16,23.52,49.17,12.3,30.16,0.858,False
13.5,3518.76,0.6133,841.4,380.36,168.61,23.37,50.29,12.27,29.83,0.74,False
14.0,3505.2,0.6138,855.66,383.15,166.81,23.96,54.41,12.23,29.62,0.824,False
14.5,3570.32,0.6143,840.43,386.48,170.63,23.69,50.47,12.39,28.81,0.801,False
15.0,3531.61,0.6148,846.87,385.76,170.09,23.81,51.11,12.47,29.96,0.811,False
15.5,3523.7,0.6153,847.64,387.34,173.4,23.93,51.39,12.31,29.03,0.859,False
16.0,3544.58,0.6157,848.8,382.61,171.14,23.71,49.59,12.37,30.14,0.814,False
16.5,3534.66,0.6162,846.23,387.29,169.65,23.92,47.84,12.41,30.07,0.824,False
17.0,3534.25,0.6167,838.31,389.24,172.87,23.33,51.96,12.4,29.88,0.77,False
17.5,3536.17,0.6171,853.93,390.21,172.95,23.88,51.45,12.72,30.29,0.846,False
18.0,3538.1,0.6176,848.1,386.57,171.53,23.41,51.86,12.44,30.88,0.843,False
18.5,3581.61,0.6181,851.76,384.15,169.49,23.42,50.3,12.7,30.45,0.786,False
19.0,3526.09,0.6185,848.61,385.42,168.35,23.72,52.3,12.57,28.12,0.826,False
19.5,3548.96,0.619,850.85,394.12,165.63,23.55,51.63,12.25,31.13,0.829,False
20.0,3565.61,0.6195,846.26,391.91,171.96,23.72,51.2,12.53,29.27,0.809,False
20.5,3546.78,0.6199,851.37,392.67,167.77,23.65,52.69,12.39,29.3,0.823,False
21.0,3567.86,0.6204,849.84,393.86,171.67,23.85,51.58,12.85,29.8,0.735,False
21.5,3584.19,0.6208,847.82,390.39,172.64,23.37,49.41,12.27,29.33,0.833,False
22.0,3563.73,0.6213,851.82,386.03,165.47,23.71,50.35,12.59,30.53,0.822,False
22.5,3569.57,0.6217,851.91,392.05,168.74,23.67,51.15,12.65,29.66,0.837,False
23.0,3550.18,0.6222,850.51,393.14,166.23,23.45,49.13,12.18,29.43,0.847,False
23.5,3550.91,0.6226,852.41,394.12,172.94,23.7,52.53,12.55,29.31,0.793,False
24.0,3528.11,0.6231,847.3,389.97,171.96,24.07,49.25,12.61,29.15,0.836,False
24.5,3556.21,0.6235,842.91,394.02,169.2,23.62,49.63,12.45,30.33,0.81,False
25.0,3566.5,0.624,854.19,395.39,169.79,23.44,52.19,12.51,30.88,0.833,False
25.5,3558.4,0.6244,854.44,397.47,174.69,23.76,51.1,12.73,29.32,0.832,False
26.0,3561.59,0.6248,854.58,389.31,167.42,23.33,49.57,12.5,29.76,0.896,False
26.5,3585.31,0.6253,848.52,393.04,169.85,23.7,51.13,12.67,29.73,0.862,False
27.0,3541.43,0.6257,853.67,399.98,171.17,24.05,51.01,12.67,29.96,0.812,False
27.5,3549.75,0.6261,856.1,389.81,172.12,23.98,51.34,12.55,30.37,0.807,False
28.0,3585.11,0.6266,845.1,391.55,166.87,23.47,52.54,12.73,29.44,0.76,False
28.5,3508.16,0.627,851.84,400.0,171.78,23.67,51.46,12.37,29.78,0.824,False
29.0,3566.78,0.6274,858.82,393.95,172.31,23.65,51.98,12.86,29.24,0.785,False
29.5,3596.26,0.6278,854.21,397.31,170.15,24.08,51.06,12.66,31.27,0.806,False
30.0,3551.76,0.6282,853.23,394.64,167.96,23.92,50.25,12.8,28.11,0.79,False
30.5,3537.88,0.6286,791.64,394.2,170.79,21.25,50.71,12.66,29.22,0.85,True
31.0,3585.88,0.6291,797.99,395.31,171.81,21.71,50.79,12.59,29.43,0.78,True
31.5,3548.75,0.6295,791.91,393.6,171.94,21.32,49.98,12.78,30.63,0.816,True
32.0,3561.59,0.6299,799.39,394.55,168.43,21.3,51.21,12.51,30.19,0.764,True
32.5,3602.37,0.6303,803.18,393.41,172.11,20.84,49.51,12.61,29.18,0.851,True
33.0,3616.59,0.6307,791.34,391.82,171.92,21.65,49.43,12.7,31.5,0.757,True
33.5,3552.0,0.631,795.39,392.94,173.13,21.38,48.77,12.74,29.59,0.874,True
34.0,3566.05,0.6314,794.61,396.3,173.08,21.43,48.87,12.75,29.22,0.833,True
34.5,3551.09,0.6318,800.31,392.42,169.05,21.49,51.18,12.59,31.22,0.806,True
35.0,3581.17,0.6322,799.7,393.15,172.61,21.24,50.4,12.89,29.23,0.728,True
35.5,3613.7,0.6326,811.38,393.96,167.85,21.29,50.55,12.66,29.17,0.848,True
36.0,3592.91,0.633,791.43,397.44,175.89,21.4,50.49,12.67,30.56,0.756,True
36.5,3586.65,0.6333,797.22,401.05,171.49,21.7,49.57,12.79,30.32,0.79,True
37.0,3587.83,0.6337,805.51,394.69,168.5,21.37,49.81,12.65,30.0,0.757,True
37.5,3552.89,0.6341,802.12,394.26,166.81,21.53,51.22,12.6,29.02,0.859,True
38.0,3593.1,0.6344,811.89,397.24,172.77,21.35,51.87,12.81,31.08,0.805,True
38.5,3578.31,0.6348,797.84,398.51,175.04,21.3,50.38,12.77,29.88,0.864,True
39.0,3542.87,0.6352,796.36,393.95,167.46,21.2,49.79,12.7,30.97,0.817,True
39.5,3568.18,0.6355,800.47,399.6,170.2,21.22,51.56,12.7,30.6,0.826,True
40.0,3603.7,0.6359,795.83,396.57,171.78,21.16,49.01,12.84,29.81,0.786,True
40.5,3588.61,0.6362,806.9,389.91,169.26,21.22,52.64,12.79,30.7,0.782,True
41.0,3569.0,0.6366,803.74,397.08,173.4,21.37,51.22,12.77,30.71,0.86,True
41.5,3559.84,0.6369,790.51,400.06,174.73,21.21,48.65,12.77,30.84,0.9,True
42.0,3603.41,0.6372,800.13,394.52,172.42,21.36,49.67,13.07,31.53,0.873,True
42.5,3575.49,0.6376,806.51,399.26,173.33,21.68,51.65,12.87,30.61,0.842,True
43.0,3559.06,0.6379,802.89,395.81,169.93,21.77,52.96,12.97,30.31,0.882,True
43.5,3595.78,0.6382,803.72,394.34,173.34,21.45,49.32,12.77,30.04,0.901,True
44.0,3614.23,0.6385,803.0,398.51,172.68,21.4,49.58,12.76,29.51,0.779,True
44.5,3607.36,0.6389,805.13,392.54,172.39,21.64,52.15,12.94,30.14,0.795,True
45.0,3576.24,0.6392,805.12,399.18,175.25,21.67,50.72,12.6,29.86,0.838,True
45.5,3594.65,0.6395,800.73,398.93,171.72,21.33,51.25,12.73,30.31,0.841,True
46.0,3576.66,0.6398,801.43,402.62,170.44,21.03,48.65,12.8,30.14,0.825,True
46.5,3624.49,0.6401,790.69,399.62,175.93,21.24,50.42,12.69,29.41,0.817,True
47.0,3629.49,0.6404,813.46,397.56,176.66,21.47,52.98,12.79,30.23,0.845,True
47.5,3665.25,0.6407,808.74,396.57,174.84,21.4,50.29,12.95,30.15,0.842,True
48.0,3602.68,0.641,806.38,400.09,169.07,21.61,49.7,12.6,30.08,0.834,True
48.5,3589.24,0.6412,809.06,394.91,172.17,21.36,50.82,12.86,29.32,0.86,True
49.0,3605.07,0.6415,795.65,393.19,173.0,21.44,50.75,12.82,30.31,0.869,True
49.5,3582.28,0.6418,799.45,395.9,173.64,21.73,50.36,12.45,28.77,0.798,True
50.0,3594.03,0.6421,803.46,399.42,172.48,21.7,50.07,12.7,30.52,0.77,True
50.5,3613.65,0.6423,806.21,398.98,176.32,21.37,53.35,12.8,29.12,0.835,True
51.0,3584.99,0.6426,802.13,400.72,174.29,21.37,52.06,13.01,31.29,0.853,True
51.5,3634.43,0.6429,796.67,398.69,171.48,21.52,50.19,12.82,31.65,0.825,True
52.0,3616.08,0.6431,805.1,399.98,173.26,21.59,52.27,13.09,30.39,0.856,True
52.5,3585.41,0.6434,806.0,402.69,175.02,21.55,51.94,12.92,31.11,0.844,True
53.0,3601.93,0.6436,808.3,391.18,174.09,20.78,48.81,12.92,30.53,0.786,True
53.5,3595.41,0.6439,813.65,398.63,177.85,21.51,51.36,13.1,30.26,0.793,True
54.0,3608.05,0.6441,806.79,396.09,172.88,21.37,51.98,12.87,29.93,0.829,True
54.5,3615.29,0.6443,810.22,397.28,171.34,21.74,50.38,12.65,30.51,0.852,True
55.0,3580.79,0.6446,808.45,402.59,174.21,21.65,49.19,12.92,29.91,0.814,True
55.5,3629.37,0.6448,814.87,405.86,176.12,21.51,51.29,12.99,30.26,0.839,True
56.0,3628.99,0.645,807.33,398.39,172.7,21.66,50.87,12.93,30.7,0.819,True
56.5,3628.18,0.6452,809.68,396.97,176.44,21.43,48.88,12.72,29.34,0.836,True
57.0,3608.1,0.6454,806.25,402.62,174.27,21.6,51.36,12.97,28.48,0.819,True
57.5,3570.49,0.6456,808.27,400.84,175.71,21.78,51.11,12.81,30.55,0.813,True
58.0,3614.57,0.6458,813.16,399.27,175.26,21.68,49.72,13.03,30.73,0.838,True
58.5,3599.85,0.646,804.08,399.41,174.76,21.35,51.39,12.7,30.01,0.839,True
59.0,3664.48,0.6462,801.63,405.53,174.0,21.63,51.01,12.96,30.05,0.893,True
59.5,3606.92,0.6464,814.31,399.26,173.61,21.34,51.41,13.11,30.11,0.827,True
60.0,3594.21,0.6466,807.64,396.49,171.93,21.6,52.45,13.32,29.7,0.892,True
60.5,3621.83,0.6468,808.16,402.65,173.91,21.58,50.38,12.69,28.94,0.861,True
61.0,3611.85,0.647,806.06,401.45,175.4,21.59,50.08,13.09,31.44,0.855,True
61.5,3637.28,0.6471,815.38,404.89,175.06,21.68,51.49,12.74,30.74,0.781,True
62.0,3602.33,0.6473,815.8,404.09,176.83,21.51,49.48,12.87,30.26,0.839,True
62.5,3641.3,0.6474,807.59,402.7,171.9,21.65,50.87,12.8,29.99,0.828,True
63.0,3613.61,0.6476,818.37,401.41,173.41,21.15,49.79,12.87,29.63,0.891,True
63.5,3616.09,0.6478,816.06,401.96,174.0,21.55,50.87,13.17,28.33,0.756,True
64.0,3608.89,0.6479,809.8,403.91,174.89,21.49,52.09,13.07,30.33,0.874,True
64.5,3625.56,0.648,807.02,403.99,174.19,21.57,52.63,12.55,29.05,0.789,True
65.0,3613.18,0.6482,808.66,397.44,172.02,21.4,53.81,13.19,29.86,0.822,True
65.5,3597.79,0.6483,800.48,401.66,172.01,21.56,48.95,12.81,30.31,0.851,True
66.0,3629.44,0.6484,803.51,404.63,172.42,21.7,50.85,12.72,29.93,0.851,True
66.5,3633.65,0.6486,809.5,406.72,176.06,21.53,51.77,13.22,31.76,0.787,True
67.0,3603.15,0.6487,817.71,399.0,171.41,21.48,51.37,12.91,29.67,0.81,True
67.5,3607.72,0.6488,805.97,409.07,174.67,21.76,50.28,12.9,29.62,0.731,True
68.0,3594.67,0.6489,801.39,395.52,171.7,21.85,50.81,13.13,30.52,0.868,True
68.5,3604.47,0.649,813.14,404.5,172.95,21.7,51.54,12.85,29.29,0.789,True
69.0,3624.46,0.6491,812.23,399.98,174.17,21.7,51.61,13.17,31.21,0.797,True
69.5,3656.63,0.6492,808.0,405.53,174.27,21.51,48.69,12.91,28.95,0.876,True
70.0,3653.52,0.6493,806.74,403.34,172.69,21.46,51.79,12.93,31.59,0.818,True
70.5,3643.37,0.6494,811.27,404.86,173.26,21.58,50.73,12.81,30.72,0.863,True
71.0,3635.45,0.6494,818.52,406.85,173.42,21.67,50.12,12.94,29.72,0.902,True
71.5,3631.04,0.6495,809.8,406.12,169.84,21.19,51.82,12.95,30.4,0.784,True
72.0,3623.47,0.6496,820.96,405.04,174.53,21.51,50.39,12.62,30.4,0.871,True
72.5,3592.58,0.6496,807.68,399.12,172.27,21.61,48.36,13.04,30.8,0.827,True
73.0,3574.62,0.6497,806.05,406.32,168.65,21.53,49.45,13.07,29.66,0.853,True
73.5,3635.67,0.6497,820.25,402.03,174.97,21.3,52.29,12.83,29.75,0.836,True
74.0,3593.23,0.6498,812.24,405.56,174.81,21.28,50.71,13.06,28.7,0.794,True
74.5,3642.12,0.6498,812.48,403.91,177.95,21.69,51.65,13.35,30.03,0.805,True
75.0,3633.24,0.6499,813.35,401.12,172.17,22.06,51.25,12.84,30.93,0.833,True
75.5,3619.71,0.6499,813.99,398.83,174.94,21.98,51.42,12.89,29.79,0.821,True
76.0,3619.76,0.6499,809.31,405.47,170.77,21.77,50.41,13.01,29.3,0.891,True
76.5,3649.81,0.65,816.02,398.19,175.9,21.68,48.94,12.95,30.49,0.86,True
77.0,3628.49,0.65,812.69,407.16,176.7,21.03,50.48,12.92,28.8,0.841,True
77.5,3649.95,0.65,805.81,403.75,172.42,21.47,52.64,12.87,30.57,0.763,True
78.0,3662.24,0.65,814.26,402.2,175.4,21.32,52.28,12.9,30.04,0.818,True
78.5,3613.39,0.65,814.72,403.52,175.55,21.6,51.48,12.89,31.98,0.775,True
79.0,3650.21,0.65,818.09,400.19,178.71,21.8,52.03,12.95,30.03,0.829,True
79.5,3632.79,0.65,818.25,403.29,172.43,21.76,51.97,13.05,30.8,0.827,True
80.0,3606.37,0.65,806.89,397.83,174.72,21.58,50.33,12.51,29.2,0.882,True
80.5,3611.61,0.65,813.03,398.56,177.12,21.57,51.21,13.3,31.41,0.825,True
81.0,3612.98,0.6499,809.58,404.25,174.03,21.52,52.62,12.93,32.04,0.841,True
81.5,3660.49,0.6499,812.97,405.6,172.79,21.43,51.41,13.1,30.23,0.786,True
82.0,3597.5,0.6499,804.03,397.4,174.45,21.82,50.85,12.61,30.05,0.831,True
82.5,3666.53,0.6498,803.85,401.51,177.64,21.69,51.54,12.96,30.46,0.868,True
83.0,3608.31,0.6498,815.5,398.54,174.88,21.63,50.12,12.94,29.7,0.794,True
83.5,3617.31,0.6498,805.55,403.61,171.91,21.74,49.45,12.86,29.7,0.89,True
84.0,3630.86,0.6497,809.98,404.12,169.99,21.59,53.26,12.97,30.25,0.859,True
84.5,3642.03,0.6496,801.01,397.55,174.62,21.45,52.44,12.9,28.65,0.787,True
85.0,3568.96,0.6496,809.78,402.0,173.34,21.81,52.3,12.92,28.49,0.862,True
85.5,3634.9,0.6495,812.45,405.48,171.85,21.99,49.71,13.06,28.85,0.8,True
86.0,3653.94,0.6494,809.54,405.03,174.64,21.57,52.5,12.91,28.77,0.805,True
86.5,3634.44,0.6494,812.77,397.77,172.71,21.47,50.43,12.73,29.69,0.808,True
87.0,3638.65,0.6493,814.78,402.0,173.36,21.62,49.88,12.77,29.44,0.812,True
87.5,3599.73,0.6492,811.48,404.59,170.96,21.59,50.6,12.99,30.18,0.779,True
88.0,3597.52,0.6491,810.75,405.45,169.69,21.66,52.29,12.91,30.63,0.809,True
88.5,3620.14,0.649,802.43,395.29,175.99,21.39,50.32,12.73,29.06,0.83,True
89.0,3607.68,0.6489,812.35,403.63,174.73,21.63,52.76,12.77,30.15,0.882,True
89.5,3647.3,0.6488,803.27,401.29,176.79,21.68,51.1,12.9,29.88,0.848,True
90.0,3616.68,0.6487,810.09,402.42,172.7,21.69,54.36,12.66,30.45,0.806,True
90.5,3632.99,0.6486,810.45,404.42,176.39,21.62,52.22,12.58,31.46,0.851,True
91.0,3642.7,0.6485,804.03,399.59,174.32,21.57,51.2,13.09,28.78,0.875,True
91.5,3620.99,0.6483,809.02,397.61,175.01,21.09,51.64,12.7,30.23,0.831,True
92.0,3643.89,0.6482,809.05,399.88,172.98,21.83,51.51,12.87,30.0,0.773,True
92.5,3627.93,0.6481,801.05,404.16,174.23,22.05,49.55,12.91,31.62,0.884,True
93.0,3605.88,0.6479,810.86,401.85,174.51,21.43,50.76,12.68,30.29,0.854,True
93.5,3614.9,0.6478,801.56,404.75,174.66,21.42,50.53,12.69,29.36,0.814,True
94.0,3643.64,0.6476,806.33,403.64,172.83,21.62,50.7,13.05,29.75,0.773,True
94.5,3591.05,0.6475,806.76,397.9,174.7,21.47,53.72,12.65,30.34,0.79,True
95.0,3608.42,0.6473,810.01,394.61,174.33,21.94,50.32,12.95,31.0,0.829,True
95.5,3606.26,0.6472,797.81,403.43,173.61,21.36,51.02,12.82,29.75,0.86,True
96.0,3590.69,0.647,814.3,397.24,172.49,21.94,52.22,12.92,29.42,0.814,True
96.5,3618.49,0.6468,809.12,401.09,173.73,21.51,49.14,12.82,30.91,0.78,True
97.0,3612.79,0.6466,804.71,401.62,172.98,21.85,51.48,12.7,30.71,0.804,True
97.5,3604.58,0.6464,810.24,399.73,175.52,21.4,50.13,12.8,29.72,0.879,True
98.0,3628.23,0.6463,817.09,407.93,171.65,21.56,49.46,12.78,29.67,0.792,True
98.5,3594.13,0.6461,807.68,397.39,175.36,21.36,54.24,12.82,30.23,0.783,True
99.0,3648.8,0.6459,813.85,401.85,170.96,21.58,49.52,13.11,30.81,0.838,True
99.5,3565.45,0.6457,803.19,402.93,176.05,21.76,48.96,12.93,30.98,0.768,True
100.0,3613.5,0.6455,809.33,399.87,169.89,21.47,50.48,12.86,29.71,0.816,True
100.5,3612.34,0.6453,810.02,399.77,172.74,21.55,48.57,12.95,30.16,0.836,True
101.0,3631.81,0.645,797.89,394.67,174.08,21.53,51.08,12.81,30.69,0.871,True
101.5,3621.73,0.6448,806.19,394.17,175.04,21.77,51.65,12.74,30.7,0.868,True
102.0,3642.67,0.6446,802.95,399.72,174.96,21.54,49.53,12.93,30.62,0.837,True
102.5,3615.31,0.6444,805.87,404.73,171.63,21.4,50.89,13.0,28.96,0.781,True
103.0,3569.58,0.6441,807.16,396.84,172.63,21.65,50.1,12.9,29.91,0.86,True
103.5,3619.25,0.6439,803.37,399.59,175.45,21.59,49.2,12.96,29.28,0.889,True
104.0,3629.62,0.6437,808.1,400.46,172.91,21.65,50.43,12.89,30.85,0.81,True
104.5,3596.2,0.6434,800.5,396.69,169.64,21.65,53.04,13.06,28.85,0.862,True
105.0,3636.34,0.6432,804.01,400.08,169.24,21.56,49.6,12.88,28.9,0.854,True
105.5,3627.75,0.6429,802.19,396.25,168.91,21.45,50.18,12.61,30.51,0.814,True
106.0,3585.1,0.6426,803.15,402.77,174.39,21.47,51.62,12.67,30.17,0.838,True
106.5,3596.56,0.6424,807.91,397.1,174.17,21.6,47.38,13.01,27.7,0.807,True
107.0,3625.8,0.6421,803.95,394.92,170.92,21.7,48.57,13.0,30.09,0.784,True
107.5,3592.95,0.6418,800.25,401.8,174.53,21.14,50.39,12.7,31.17,0.777,True
108.0,3636.01,0.6416,804.97,395.6,171.67,21.32,49.35,12.84,29.15,0.744,True
108.5,3595.63,0.6413,795.92,396.7,171.17,21.3,53.28,12.83,30.33,0.76,True
109.0,3589.43,0.641,805.81,395.76,174.76,21.23,50.53,12.73,30.26,0.805,True
109.5,3596.37,0.6407,803.34,396.51,173.87,21.52,50.77,12.75,30.76,0.821,True
110.0,3594.93,0.6404,804.83,403.67,170.18,21.62,48.61,12.84,31.38,0.85,True
110.5,3603.73,0.6401,801.29,398.55,172.31,21.3,50.53,12.83,29.51,0.798,True
111.0,3572.37,0.6398,805.83,399.96,173.24,21.65,50.99,12.86,30.36,0.826,True
111.5,3588.19,0.6395,814.73,396.84,171.4,21.54,51.18,12.58,31.01,0.826,True
112.0,3575.82,0.6392,809.38,399.94,170.16,21.8,51.67,12.79,31.39,0.836,True
112.5,3596.7,0.6389,799.9,399.67,173.59,21.45,49.93,12.8,30.06,0.776,True
113.0,3567.03,0.6386,805.8,389.98,173.01,21.34,52.45,12.7,30.64,0.813,True
113.5,3597.94,0.6383,806.43,396.26,174.54,21.24,51.24,12.91,30.63,0.905,True
114.0,3579.59,0.6379,795.61,394.52,173.82,21.53,51.01,12.6,30.72,0.779,True
114.5,3617.22,0.6376,816.56,398.46,173.62,21.33,48.71,12.67,29.23,0.77,True
115.0,3627.66,0.6373,803.4,398.36,171.79,21.39,52.04,12.75,30.52,0.82,True
115.5,3585.53,0.637,794.75,391.14,171.83,21.43,49.34,12.75,30.14,0.741,True
116.0,3573.23,0.6366,803.58,398.09,170.0,21.44,52.11,12.87,30.02,0.809,True
116.5,3578.09,0.6363,803.63,397.36,173.52,21.43,51.87,12.76,30.72,0.862,True
117.0,3573.72,0.6359,792.0,401.26,172.72,21.06,50.03,12.85,29.86,0.806,True
117.5,3616.95,0.6356,795.55,394.08,172.58,21.48,51.48,12.87,30.24,0.846,True
118.0,3582.87,0.6352,800.85,396.64,172.54,21.55,51.55,12.73,29.43,0.829,True
118.5,3586.6,0.6349,801.24,402.79,171.01,21.47,52.17,12.74,31.95,0.811,True
119.0,3592.74,0.6345,796.02,394.95,172.5,21.55,51.27,12.91,30.0,0.813,True
119.5,3639.43,0.6341,801.72,393.69,170.56,21.19,52.01,12.66,30.18,0.823,True
120.0,3599.06,0.6338,795.25,392.46,172.35,21.49,51.29,12.59,30.61,0.796,True
